-- -----------------------------------------------------
-- Table pais
-- -----------------------------------------------------
CREATE TABLE PAIS (id_pais NUMBER NOT NULL,
  pais_nombre VARCHAR2(45) NOT NULL,
  CONSTRAINT pk_id_pais PRIMARY KEY (id_pais)
  );

-- -----------------------------------------------------
-- Table cliente
-- -----------------------------------------------------
CREATE TABLE CLIENTES (id_cliente NUMBER NOT NULL,
  dni VARCHAR2(45) NOT NULL,
  nombre1 VARCHAR2(45) NOT NULL,
  nombre2 VARCHAR2(45),
  apellido1 VARCHAR2(45) NOT NULL,
  apellido2 VARCHAR2(45),
  email VARCHAR2(45) NOT NULL,
  telefono VARCHAR2(45) NOT NULL,
  edad number NOT NULL,
  cod_pais NUMBER NOT NULL,
  CONSTRAINT pk_id_cliente PRIMARY KEY (id_cliente),
  CONSTRAINT fk_cod_pais
    FOREIGN KEY (cod_pais)
    REFERENCES PAIS (id_pais)
);


-- -----------------------------------------------------
-- Table guia
-- -----------------------------------------------------
CREATE TABLE GUIAS (id_guia NUMBER NOT NULL,
  dni VARCHAR2(45) NOT NULL,
  nombre1 VARCHAR2(45) NOT NULL,
  apellido1 VARCHAR2(45) NOT NULL,
  email VARCHAR2(45) NOT NULL,
  telefono VARCHAR2(45) NOT NULL,
  edad number NOT NULL,
  ciudad VARCHAR2(45) NOT NULL,
  CONSTRAINT pk_id_guia PRIMARY KEY (id_guia)
  );

----TABLE DIFICULTAD-----
CREATE TABLE DIFICULTAD (id_dificultad NUMBER NOT NULL,
  descripcion VARCHAR2(45) NOT NULL,
  CONSTRAINT pk_id_dificultad PRIMARY KEY (id_dificultad)
  );
-- -----------------------------------------------------
-- Table tours
-- -----------------------------------------------------
CREATE TABLE TOURS (id_tours NUMBER NOT NULL,
  tour_nombre VARCHAR2(45) NOT NULL,
  duracion NUMBER NOT NULL,
  descripcion VARCHAR2(250) NOT NULL,
  precio number NOT NULL,
  cantidad_cupos number not null,
  id_dificultad NUMBER NOT NULL,
  id_guia NUMBER NOT NULL,
  CONSTRAINT pk_id_tours PRIMARY KEY (id_tours),
  CONSTRAINT fk_id_dificultad
    FOREIGN KEY (id_dificultad)
    REFERENCES DIFICULTAD (id_dificultad),
  CONSTRAINT fk_id_guia
    FOREIGN KEY (id_guia)
    REFERENCES GUIAS (id_guia)
);


-- -----------------------------------------------------
-- Table reservacion
-- -----------------------------------------------------
CREATE TABLE RESERVACION (id_reserva NUMBER NOT NULL,
  id_cliente NUMBER NOT NULL,
  fecha_reserva DATE NOT NULL,
  cantidad_personas number default 0,
  CONSTRAINT pk_id_reserva PRIMARY KEY (id_reserva),
  CONSTRAINT fk_id_cliente
    FOREIGN KEY (id_cliente)
    REFERENCES CLIENTES (id_cliente)
);



-- -----------------------------------------------------
-- Table reserva_tours
-- -----------------------------------------------------

CREATE TABLE RESERVA_TOURS (
  id_reserva1 NUMBER NOT NULL,
  id_tour1 NUMBER NOT NULL,
  fecha_inicio DATE NOT NULL,
  fecha_fin DATE NOT NULL,
  CONSTRAINT pk_reserva_tour PRIMARY KEY (id_reserva1,id_tour1),
  CONSTRAINT fk_reserva1
    FOREIGN KEY (id_reserva1)
    REFERENCES RESERVACION (id_reserva),
  CONSTRAINT fk_tours1
    FOREIGN KEY (id_tour1)
    REFERENCES TOURS (id_tours)
);

-- -----------------------------------------------------
-- Table destinos
-- -----------------------------------------------------
CREATE TABLE DESTINOS (id_destinos NUMBER NOT NULL,
  destino_nombre VARCHAR2(45) NOT NULL,
  CONSTRAINT pk_id_destinos PRIMARY KEY (id_destinos)
);

-- -----------------------------------------------------
-- Table destinos_tours
-- -----------------------------------------------------
CREATE TABLE DESTINOS_TOURS (
  id_destino1 NUMBER NOT NULL,
  id_tour2 NUMBER NOT NULL,
  PRIMARY KEY (id_destino1,id_tour2),
  CONSTRAINT fk_destinos1
    FOREIGN KEY (id_destino1)
    REFERENCES DESTINOS (id_destinos),
  CONSTRAINT fk_tours2
    FOREIGN KEY (id_tour2)
    REFERENCES TOURS (id_tours)
);

-- -----------------------------------------------------
-- SECUENCIAS
-- -----------------------------------------------------
--SECUENCIAS DE ID DE TABLAS Clientes--
CREATE SEQUENCE sec_id_cliente
INCREMENT BY 1
START WITH 4
NOMAXVALUE
NOCYCLE;


--SECUENCIAS DE LAS REVIEWS
CREATE SEQUENCE sec_id_review
START WITH 1
INCREMENT BY 1
NOMAXVALUE;

--SECUENCIAS DE LOS DESTINOS--
CREATE SEQUENCE sec_id_destino
INCREMENT BY 1
START WITH 4
NOMAXVALUE
NOCYCLE;

--SECUENCIAS DE LOS DESTINOS--
CREATE SEQUENCE sec_id_tour
INCREMENT BY 1
START WITH 3
NOMAXVALUE
NOCYCLE;


--SECUENCIAS DE LOS GUIAS--
CREATE SEQUENCE sec_id_guia
INCREMENT BY 1
START WITH 3
NOMAXVALUE
NOCYCLE;

--SECUENCIAS DE RESERVA--
CREATE SEQUENCE sec_id_reserva
INCREMENT BY 1
START WITH 3
NOMAXVALUE
NOCYCLE;

--SECUENCIAS DE RESERVA_TOUR--
CREATE SEQUENCE sec_id_reserva_tour
INCREMENT BY 1
START WITH 101
NOMAXVALUE
NOCYCLE;

--SECUENCIAS DE AUDITORIA-
CREATE SEQUENCE sec_cod_aut
INCREMENT BY 1
START WITH 1
MAXVALUE 99999
MINVALUE 1;

--SECUENCIAS DE AUDITORIA--
CREATE SEQUENCE sec_id_promo
INCREMENT BY 1
START WITH 1
NOMAXVALUE
NOCYCLE;

--SECUENCIAS DE FACTURACION--
CREATE SEQUENCE sec_no_factura
INCREMENT BY 1
START WITH 1
NOMAXVALUE
NOCYCLE;



---- INSERT PARA LAS TABLAS---
INSERT INTO PAIS VALUES (1, 'Andorra');
INSERT INTO PAIS VALUES (2, 'Emiratos 츼rabes Unidos');
INSERT INTO PAIS VALUES (3, 'Afganist치n');
INSERT INTO PAIS VALUES (4, 'Antigua y Barbuda');
INSERT INTO PAIS VALUES (5, 'Anguila');
INSERT INTO PAIS VALUES (6, 'Albania');
INSERT INTO PAIS VALUES (7, 'Armenia');
INSERT INTO PAIS VALUES (8, 'Antillas Holandesas');
INSERT INTO PAIS VALUES (9, 'Angola');
INSERT INTO PAIS VALUES (10, 'Ant치rtida');
INSERT INTO PAIS VALUES (11, 'Argentina');
INSERT INTO PAIS VALUES (12, 'Samoa Americana');
INSERT INTO PAIS VALUES (13, 'Austria');
INSERT INTO PAIS VALUES (14, 'Australia');
INSERT INTO PAIS VALUES (15, 'Aruba');
INSERT INTO PAIS VALUES (16, 'Azerbaiy치n');
INSERT INTO PAIS VALUES (17, 'Bosnia y Herzegovina');
INSERT INTO PAIS VALUES (18, 'Barbados');
INSERT INTO PAIS VALUES (19, 'Bangladesh');
INSERT INTO PAIS VALUES (20, 'B칠lgica');
INSERT INTO PAIS VALUES (21, 'Burkina Faso');
INSERT INTO PAIS VALUES (22, 'Bahrein');
INSERT INTO PAIS VALUES (23, 'Burundi');
INSERT INTO PAIS VALUES (24, 'Benin');
INSERT INTO PAIS VALUES (25, 'Bermudas');
INSERT INTO PAIS VALUES (26, 'Bolivia');
INSERT INTO PAIS VALUES (27, 'Brasil');
INSERT INTO PAIS VALUES (28, 'Bahamas');
INSERT INTO PAIS VALUES (29, 'But치n');
INSERT INTO PAIS VALUES (30, 'Isla Bouvet');
INSERT INTO PAIS VALUES (31, 'Bulgaria');
INSERT INTO PAIS VALUES (32, 'Botswana');
INSERT INTO PAIS VALUES (33, 'Brunei Darussalam');
INSERT INTO PAIS VALUES (34, 'Bielorrusia');
INSERT INTO PAIS VALUES (35, 'Belice');
INSERT INTO PAIS VALUES (36, 'Canad치');
INSERT INTO PAIS VALUES (37, 'Cocos');
INSERT INTO PAIS VALUES (38, 'Rep칰blica Centroafricana');
INSERT INTO PAIS VALUES (39, 'Congo');
INSERT INTO PAIS VALUES (40, 'Suiza');
INSERT INTO PAIS VALUES (41, 'Costa de Marfil');
INSERT INTO PAIS VALUES (42, 'Islas Cook');
INSERT INTO PAIS VALUES (43, 'Chile');
INSERT INTO PAIS VALUES (44, 'Camer칰n');
INSERT INTO PAIS VALUES (45, 'China');
INSERT INTO PAIS VALUES (46, 'Colombia');
INSERT INTO PAIS VALUES (47, 'Costa Rica');
INSERT INTO PAIS VALUES (48, 'Cuba');
INSERT INTO PAIS VALUES (49, 'Cabo Verde');
INSERT INTO PAIS VALUES (50, 'Isla de Navidad');
INSERT INTO PAIS VALUES (51, 'Chipre');
INSERT INTO PAIS VALUES (52, 'Rep칰blica Checa');
INSERT INTO PAIS VALUES (53, 'Alemania');
INSERT INTO PAIS VALUES (54, 'Djibouti');
INSERT INTO PAIS VALUES (55, 'Dinamarca');
INSERT INTO PAIS VALUES (56, 'Dominica');
INSERT INTO PAIS VALUES (57, 'Rep칰blica Dominicana');
INSERT INTO PAIS VALUES (58, 'Argelia');
INSERT INTO PAIS VALUES (59, 'Ecuador');
INSERT INTO PAIS VALUES (60, 'Estonia');
INSERT INTO PAIS VALUES (61, 'Egipto');
INSERT INTO PAIS VALUES (62, 'S치hara Occidental');
INSERT INTO PAIS VALUES (63, 'Eritrea');
INSERT INTO PAIS VALUES (64, 'Espa침a');
INSERT INTO PAIS VALUES (65, 'Etiop칤a');
INSERT INTO PAIS VALUES (66, 'Finlandia');
INSERT INTO PAIS VALUES (67, 'Fiji');
INSERT INTO PAIS VALUES (68, 'Islas Malvinas ');
INSERT INTO PAIS VALUES (69, 'Micronesia');
INSERT INTO PAIS VALUES (70, 'Islas Feroe');
INSERT INTO PAIS VALUES (71, 'Francia');
INSERT INTO PAIS VALUES (72, 'Gab칩n');
INSERT INTO PAIS VALUES (73, 'Reino Unido');
INSERT INTO PAIS VALUES (74, 'Granada');
INSERT INTO PAIS VALUES (75, 'Georgia');
INSERT INTO PAIS VALUES (76, 'GuayanaFrancesa');
INSERT INTO PAIS VALUES (77, 'Ghana');
INSERT INTO PAIS VALUES (78, 'Gibraltar');
INSERT INTO PAIS VALUES (79, 'Groenlandia');
INSERT INTO PAIS VALUES (80, 'Gambia');
INSERT INTO PAIS VALUES (81, 'Guinea');
INSERT INTO PAIS VALUES (82, 'Guadalupe');
INSERT INTO PAIS VALUES (83, 'Guinea Ecuatorial');
INSERT INTO PAIS VALUES (84, 'Grecia');
INSERT INTO PAIS VALUES (85, 'Georgia del Sur y Islas Sandwich del Sur');
INSERT INTO PAIS VALUES (86, 'Guatemala');
INSERT INTO PAIS VALUES (87, 'Guam');
INSERT INTO PAIS VALUES (88, 'Guinea-Bissau');
INSERT INTO PAIS VALUES (89, 'Guayana');
INSERT INTO PAIS VALUES (90, 'Hong Kong');
INSERT INTO PAIS VALUES (91, 'Islas Heard y McDonald');
INSERT INTO PAIS VALUES (92, 'Honduras');
INSERT INTO PAIS VALUES (93, 'Croacia');
INSERT INTO PAIS VALUES (94, 'Hait칤');
INSERT INTO PAIS VALUES (95, 'Hungr칤a');
INSERT INTO PAIS VALUES (96, 'Indonesia');
INSERT INTO PAIS VALUES (97, 'Irlanda');
INSERT INTO PAIS VALUES (98, 'Israel');
INSERT INTO PAIS VALUES (99, 'India');
INSERT INTO PAIS VALUES (100, 'Territorio Brit치nico del Oc칠ano먞꼁dico');
INSERT INTO PAIS VALUES (101, 'Irak');
INSERT INTO PAIS VALUES (102, 'Ir치n');
INSERT INTO PAIS VALUES (103, 'Islandia');
INSERT INTO PAIS VALUES (104, 'Italia');
INSERT INTO PAIS VALUES (105, 'Jamaica');
INSERT INTO PAIS VALUES (106, 'Jordania');
INSERT INTO PAIS VALUES (107, 'Jap칩n');
INSERT INTO PAIS VALUES (108, 'Kenia');
INSERT INTO PAIS VALUES (109, 'Kirguist치n');
INSERT INTO PAIS VALUES (110, 'Camboya');
INSERT INTO PAIS VALUES (111, 'Kiribati');
INSERT INTO PAIS VALUES (112, 'Comoras');
INSERT INTO PAIS VALUES (113, 'Saint Kitts y Nevis');
INSERT INTO PAIS VALUES (114, 'Corea del Norte');
INSERT INTO PAIS VALUES (115, 'Corea del Sur');
INSERT INTO PAIS VALUES (116, 'Kuwait');
INSERT INTO PAIS VALUES (117, 'Las Islas Caim치n');
INSERT INTO PAIS VALUES (118, 'Kazajst치n');
INSERT INTO PAIS VALUES (119, 'Laos');
INSERT INTO PAIS VALUES (120, 'L칤bano');
INSERT INTO PAIS VALUES (121, 'Santa Luc칤a');
INSERT INTO PAIS VALUES (122, 'Liechtenstein');
INSERT INTO PAIS VALUES (123, 'Sri Lanka');
INSERT INTO PAIS VALUES (124, 'Liberia');
INSERT INTO PAIS VALUES (125, 'Lesoto');
INSERT INTO PAIS VALUES (126, 'Lituania');
INSERT INTO PAIS VALUES (127, 'Luxemburgo');
INSERT INTO PAIS VALUES (128, 'Letonia');
INSERT INTO PAIS VALUES (129, 'Libia');
INSERT INTO PAIS VALUES (130, 'Marruecos');
INSERT INTO PAIS VALUES (131, 'M칩naco');
INSERT INTO PAIS VALUES (132, 'Moldavia');
INSERT INTO PAIS VALUES (133, 'Madagascar');
INSERT INTO PAIS VALUES (134, 'Islas Marshall');
INSERT INTO PAIS VALUES (135, 'Macedonia');
INSERT INTO PAIS VALUES (136, 'Mal칤');
INSERT INTO PAIS VALUES (137, 'Myanmar');
INSERT INTO PAIS VALUES (138, 'Mongolia');
INSERT INTO PAIS VALUES (139, 'Macao');
INSERT INTO PAIS VALUES (140, 'Islas Marianas del Norte');
INSERT INTO PAIS VALUES (141, 'Martinica');
INSERT INTO PAIS VALUES (142, 'Mauritania');
INSERT INTO PAIS VALUES (143, 'Montserrat');
INSERT INTO PAIS VALUES (144, 'Malta');
INSERT INTO PAIS VALUES (145, 'Mauricio');
INSERT INTO PAIS VALUES (146, 'Maldivas');
INSERT INTO PAIS VALUES (147, 'Malawi');
INSERT INTO PAIS VALUES (148, 'M칠xico');
INSERT INTO PAIS VALUES (149, 'Malasia');
INSERT INTO PAIS VALUES (150, 'Mozambique');
INSERT INTO PAIS VALUES (151, 'Namibia');
INSERT INTO PAIS VALUES (152, 'Nueva Caledonia');
INSERT INTO PAIS VALUES (153, 'N칤ger');
INSERT INTO PAIS VALUES (154, 'Norfolk Island');
INSERT INTO PAIS VALUES (155, 'Nigeria');
INSERT INTO PAIS VALUES (156, 'Nicaragua');
INSERT INTO PAIS VALUES (157, 'Pa칤ses Bajos');
INSERT INTO PAIS VALUES (158, 'Noruega');
INSERT INTO PAIS VALUES (159, 'Nepal');
INSERT INTO PAIS VALUES (160, 'Nauru');
INSERT INTO PAIS VALUES (161, 'Niue');
INSERT INTO PAIS VALUES (162, 'Nueva Zelanda');
INSERT INTO PAIS VALUES (163, 'Om치n');
INSERT INTO PAIS VALUES (164, 'Panam치');
INSERT INTO PAIS VALUES (165, 'Per칰');
INSERT INTO PAIS VALUES (166, 'Polinesia franc칠s');
INSERT INTO PAIS VALUES (167, 'Papua Nueva Guinea');
INSERT INTO PAIS VALUES (168, 'Filipinas');
INSERT INTO PAIS VALUES (169, 'Pakist치n');
INSERT INTO PAIS VALUES (170, 'Polonia');
INSERT INTO PAIS VALUES (171, 'San Pedro y Miquel칩n');
INSERT INTO PAIS VALUES (172, 'Pitcairn');
INSERT INTO PAIS VALUES (173, 'Puerto Rico');
INSERT INTO PAIS VALUES (174, 'Portugal');
INSERT INTO PAIS VALUES (175, 'Palau');
INSERT INTO PAIS VALUES (176, 'Paraguay');
INSERT INTO PAIS VALUES (177, 'Qatar');
INSERT INTO PAIS VALUES (178, 'Reuni칩n');
INSERT INTO PAIS VALUES (179, 'Rumania');
INSERT INTO PAIS VALUES (180, 'La Federaci칩n de Rusia');
INSERT INTO PAIS VALUES (181, 'Ruanda');
INSERT INTO PAIS VALUES (182, 'Arabia Saudita');
INSERT INTO PAIS VALUES (183, 'Las Islas Salom칩n');
INSERT INTO PAIS VALUES (184, 'Seychelles');
INSERT INTO PAIS VALUES (185, 'Sud치n');
INSERT INTO PAIS VALUES (186, 'Suecia');
INSERT INTO PAIS VALUES (187, 'Singapur');
INSERT INTO PAIS VALUES (188, 'Santa Elena');
INSERT INTO PAIS VALUES (189, 'Eslovenia');
INSERT INTO PAIS VALUES (190, 'Svalbard y Jan Mayen');
INSERT INTO PAIS VALUES (191, 'Rep칰blica Eslovaca');
INSERT INTO PAIS VALUES (192, 'Sierra Leona');
INSERT INTO PAIS VALUES (193, 'San Marino');
INSERT INTO PAIS VALUES (194, 'Senegal');
INSERT INTO PAIS VALUES (195, 'Somalia');
INSERT INTO PAIS VALUES (196, 'Suriname');
INSERT INTO PAIS VALUES (197, 'Santo Tom칠 y Pr칤ncipe');
INSERT INTO PAIS VALUES (198, 'El Salvador');
INSERT INTO PAIS VALUES (199, 'Siria');
INSERT INTO PAIS VALUES (200, 'Swazilandia');
INSERT INTO PAIS VALUES (201, 'Islas Turcas y Caicos');
INSERT INTO PAIS VALUES (202, 'Chad');
INSERT INTO PAIS VALUES (203, 'Territorios del sur franc칠s');
INSERT INTO PAIS VALUES (204, 'Togo');
INSERT INTO PAIS VALUES (205, 'Tailandia');
INSERT INTO PAIS VALUES (206, 'Tayikist치n');
INSERT INTO PAIS VALUES (207, 'Tokelau');
INSERT INTO PAIS VALUES (208, 'Turkmenist치n');
INSERT INTO PAIS VALUES (209, 'T칰nez');
INSERT INTO PAIS VALUES (210, 'Tonga');
INSERT INTO PAIS VALUES (211, 'Timor Oriental');
INSERT INTO PAIS VALUES (212, 'Turqu칤a');
INSERT INTO PAIS VALUES (213, 'Trinidad y Tobago');
INSERT INTO PAIS VALUES (214, 'Tuvalu');
INSERT INTO PAIS VALUES (215, 'Taiwan');
INSERT INTO PAIS VALUES (216, 'Tanzania');
INSERT INTO PAIS VALUES (217, 'Ucrania');
INSERT INTO PAIS VALUES (218, 'Uganda');
INSERT INTO PAIS VALUES (219, 'Reino Unido');
INSERT INTO PAIS VALUES (220, 'Islas menores  deEE.UU.');
INSERT INTO PAIS VALUES (221, 'Estados Unidos de Am칠rica');
INSERT INTO PAIS VALUES (222, 'Uruguay');
INSERT INTO PAIS VALUES (223, 'Uzbekist치n');
INSERT INTO PAIS VALUES (224, 'Ciudad del Vaticano');
INSERT INTO PAIS VALUES (225, 'San Vicente y las Granadinas');
INSERT INTO PAIS VALUES (226, 'Venezuela');
INSERT INTO PAIS VALUES (227, 'Islas V칤rgenes');
INSERT INTO PAIS VALUES (228, 'Vietnam');
INSERT INTO PAIS VALUES (229, 'Vanuatu');
INSERT INTO PAIS VALUES (230, 'Islas Wallis y Futuna');
INSERT INTO PAIS VALUES (231, 'Samoa');
INSERT INTO PAIS VALUES (232, 'Yemen');
INSERT INTO PAIS VALUES (233, 'Mayotte');
INSERT INTO PAIS VALUES (234, 'Yugoslavia');
INSERT INTO PAIS VALUES (235, 'Sud치frica');
INSERT INTO PAIS VALUES (236, 'Zambia');
INSERT INTO PAIS VALUES (237, 'Zaire');
INSERT INTO PAIS VALUES (238, 'Zimbabue');

--INSERTAR CLIENTES--
INSERT INTO CLIENTES VALUES(8977, '800-99-123', 'JUAN', 'MARTINEZ', 'ZELAYA', 'ANTONIO', 'JUAN8977@MAIL.COM', '(337) 308-5133', 59, 198);
INSERT INTO CLIENTES VALUES(9010, '800-99-124', 'KREVITH', 'BEITIA', 'SHAW', 'HOLBERT', 'KREVITH9010@MAIL.COM', '(554) 887-4705', 57, 164);
INSERT INTO CLIENTES VALUES(9067, '800-99-125', 'BORIS', 'MENDOZA', 'FLORES', 'NELSON', 'BORIS9067@MAIL.COM', '(761) 503-5101', 22, 164);

--INSERTAR GUIA--
INSERT INTO GUIAS VALUES (1, '8-456-875', 'Fernando', 'Diaz', 'fernando.diaz@outlook.com', '68707239', 20, 'Ciudad de Panam치');
INSERT INTO GUIAS VALUES (2, '6-916-569', 'Serena', 'Ca침ate', 'alexander.canate@outlook.com', '68752699', 25, 'Ciudad de Panam치');

---INSERTAR DIFICULTAD--
INSERT INTO dificultad VALUES (1, 'F치cil');
INSERT INTO dificultad VALUES (2, 'Media');
INSERT INTO dificultad VALUES (3, 'Dificil');

-- INSERTAR TOURS
INSERT INTO TOURS VALUES (1, 'Tour de la ciudad y el Canal de Panam치 ', 6, 'Conoce los mejores lugares en la ciudad de Panam치.', 67, 20, 1, 1);
INSERT INTO TOURS VALUES (2, 'Tour privado centro hist칩rico de Panam치', 8, 'La historia de Panam치 en un tour.', 100, 5, 1, 2);
-- INSERT INTO TOURS VALUES (3, 'Ven a San Blas ', 16, 'Las maravillas de la isla San Blas.', 89, 30, 2, 3);

-- INSERTAR RESERVAS
INSERT INTO RESERVACION VALUES (1, 8977, TO_DATE('02-01-2019','DD-MM-YYYY'),1);
INSERT INTO RESERVACION VALUES (2, 9010,TO_DATE('03-01-2019','DD-MM-YYYY'),2);
INSERT INTO RESERVACION VALUES (3, 10057,TO_DATE('04-01-2019','DD-MM-YYYY'),5);

-- INSERTAR RESERVA_TOURS 
INSERT INTO RESERVA_TOURS VALUES( 1, 2, TO_DATE('04-01-2019','DD-MM-YYYY'), TO_DATE('07-01-2019','DD-MM-YYYY'));
INSERT INTO RESERVA_TOURS VALUES( 2, 1, TO_DATE('05-01-2019','DD-MM-YYYY'), TO_DATE('05-01-2019','DD-MM-YYYY'));
-- INSERT INTO RESERVA_TOURS VALUES( 2, 6, TO_DATE('07-01-2019','DD-MM-YYYY'), TO_DATE('10-01-2019','DD-MM-YYYY'));

--INSERTAR DESTINO
INSERT INTO DESTINOS VALUES (1,'Canal de Panam치');
INSERT INTO DESTINOS VALUES (2,'Biomuseo');
INSERT INTO DESTINOS VALUES (3,'Casco Antiguo');

-- INSERTAR DESTINOS TOURS
----DESTINOS_TOURS---
INSERT INTO DESTINOS_TOURS VALUES (1, 1);
INSERT INTO DESTINOS_TOURS VALUES (2, 1);
INSERT INTO DESTINOS_TOURS VALUES (3, 1);
INSERT INTO DESTINOS_TOURS VALUES (3, 2);





-- -----------------------------------------------------
-- PROCESO DE MODIFICACION DEL MODELO DE DATOS DE TOURINY
-- -----------------------------------------------------

-- -----------------------------------------------------
-- 1- CREACION DE NUEVAS TABLAS
-- -----------------------------------------------------

--REVIEWS
CREATE TABLE REVIEWS (
  id_review NUMBER NOT NULL,
  id_cliente NUMBER NOT NULL,
  id_tour NUMBER NOT NULL,
  descripcion VARCHAR2(250),
  calificacion NUMBER,
  fecha_review DATE,
  CONSTRAINT pk_id_reviews PRIMARY KEY (id_review),
  CONSTRAINT fk_id_rev_client
    FOREIGN KEY (id_cliente)
    REFERENCES CLIENTES(id_cliente),
  CONSTRAINT fk_id_rev_tour
    FOREIGN KEY (id_tour)
    REFERENCES TOURS(id_tours)  
);


--AUDITORIA
CREATE TABLE AUDITORIA (
  id_auditoria NUMBER NOT NULL,
  no_reserva NUMBER,
  id_tour NUMBER,
  tipo_operacion CHAR(2),
  tabla varchar2(45),
  cantidad_personas NUMBER,
  fecha_inicio DATE,
  fecha_fin DATE,
  status Char(2),
  precio_total NUMBER,
  usuario VARCHAR2(250),
  fecha_insercion DATE,
  CONSTRAINT auditoria_pk PRIMARY KEY (id_auditoria),
  CONSTRAINT auditoria_RESERVACION_fk FOREIGN KEY (no_reserva)
      REFERENCES RESERVACION (id_reserva)
);


--PROMOCIONES

CREATE TABLE PROMOCIONES(
  id_promo NUMBER NOT NULL,
  descripcion VARCHAR2(250) NOT NULL,
  mes_inicio NUMBER DEFAULT 0,
  mes_fin NUMBER DEFAULT 0,
  promocion NUMBER DEFAULT 0,
  CONSTRAINT pk_promocion PRIMARY KEY (id_promo)
);

--FACTURACION

create table facturacion(
    no_factura number not null,
    id_reserva number not null,
    id_cliente number not null,
    monto_pago number DEFAULT 0,
    tipo_transac char(2),
    fecha_transac date,
    constraint pk_facturacion PRIMARY KEY (no_factura),
    constraint fk_id_reserva3 FOREIGN KEY (id_reserva)
        references reservacion (id_reserva),
    constraint fk_id_cliente3 FOREIGN KEY (id_cliente)
        references clientes (id_cliente)
);

-- -----------------------------------------------------
-- 2- MODIFICACION DE LAS TABLAS
-- -----------------------------------------------------
--DESTINOS
ALTER TABLE DESTINOS
  ADD (
    coordenadas VARCHAR2(200),
    fecha_ingreso DATE
  );

--DESTINOS_TOURS
ALTER TABLE DESTINOS_TOURS
 ADD (
   fecha_ingreso date
 );

--CLIENTES
ALTER TABLE CLIENTES 
  ADD (
    ciudad VARCHAR2(45),
    direccion VARCHAR2(250),
    fecha_nacimiento DATE,
    sexo VARCHAR2(45),
    fecha_ingreso DATE
  );

-- GUIAS
ALTER TABLE Guias
  ADD(
    direccion VARCHAR2(250),
    fecha_nacimiento DATE,
    sexo VARCHAR2(45),
    fecha_ingreso DATE
  );

-- -----------------------------------------------------
-- TOURS
-- -----------------------------------------------------

ALTER TABLE TOURS
  ADD (
    status CHAR(2),
    calificacion NUMBER(1) DEFAULT 0,
    id_promo NUMBER,
    promocion NUMBER,
    fecha_mod DATE,
    CONSTRAINT c_status CHECK (status IN ('D','A','N')),
    CONSTRAINT fk_promo FOREIGN KEY (id_promo)
      REFERENCES PROMOCIONES (id_promo)
  );

-- -----------------------------------------------------
-- RESERVACION
-- -----------------------------------------------------
--Estatus: PENDIENTE, CONFIRMADA, CANCELADA.
ALTER TABLE RESERVACION
  ADD (
    total_personas number,
    status CHAR(2),
    precio_total NUMBER(15,2) DEFAULT 0,
    CONSTRAINT c_re_status CHECK (status IN ('PE','CO','CA'))
  );

--RESERVA_TOURS
ALTER TABLE RESERVA_TOURS
  ADD(
    precio_tour number,
    cantidad_personas number,
    status char(2),
    fecha_ingreso date
  );

ALTER TABLE RESERVA_TOURS
DROP CONSTRAINT pk_reserva_tour; 
-- -----------------------------------------------------
-- 3- MIGRACION AL NUEVO MODELO
-- -----------------------------------------------------
-- COPIANDO cantidad_personas DATOS DE RESERVACION --> HACIA RESERVA TOUR
UPDATE reserva_tours 
    SET cantidad_personas = (
        SELECT cantidad_personas
        FROM reservacion
        WHERE reservacion.id_reserva = reserva_tours.id_reserva1
    );

--COPIANDO el precio DATOS DE TOURS --> HACIA RESERVA TOURS
UPDATE reserva_tours 
    SET precio_tour = (
        SELECT precio
        FROM tours
        WHERE tours.id_tours = reserva_tours.id_tour1
    );

--ELIMININACION DE LOS VALORES NO NECESARIOS EN LA TABLA DE RESERVACION
ALTER TABLE RESERVACION
  DROP COLUMN cantidad_personas;




-- -----------------------------------------------------
-- FUNCIONES
-- -----------------------------------------------------

/*
Funcion para calcula edad
*/
CREATE OR REPLACE FUNCTION calcularEdadCliente(p_fecha date)
RETURN NUMBER IS 
v_clienteEdad number(3);
v_fecha date := p_fecha;
BEGIN
  -- Necesitamos eso en a침os
  v_clienteEdad := (SYSDATE - v_fecha) / 365;

  RETURN v_clienteEdad;
  
  EXCEPTION
   WHEN ZERO_DIVIDE THEN
       DBMS_OUTPUT.PUT_LINE('游눢 Error: Fecha no valida.');
END calcularEdadCliente;
/

--Funcion para calcular horas
create or replace function calcularhoras(l_horas number)
return number IS
v_dias number;

BEGIN

if l_horas/24 <= 1 then
v_dias := 1;
elsif l_horas/24 > 1 and l_horas/24 <= 2 THEN
v_dias := 2;
elsif l_horas/24 >2 and l_horas/24 <=3 THEN
v_dias := 3;
end if;

return v_dias;
EXCEPTION
   WHEN ZERO_DIVIDE THEN
       DBMS_OUTPUT.PUT_LINE('游눢 Error: hora ingresada no valida.');
END calcularhoras;
/

--Funcion para aplicar descuento

create or replace function descuento(descuento number, precio number)
return number IS
v_resultado number;

BEGIN
v_resultado := precio -(descuento * precio);
return v_resultado;
END descuento;
/



-- -----------------------------------------------------
-- PROCEDIMIENTOS
-- -----------------------------------------------------

--CLIENTES

-- -----------------------------------------------------
-- 1- Proc Registro del cliente
-- Primero correr funcion calcularEdad
-- -----------------------------------------------------
CREATE OR REPLACE PROCEDURE registroCliente(
    p_dni         IN clientes.dni%TYPE,
    p_Nombre1     IN clientes.nombre1%TYPE,
    p_Nombre2     IN clientes.nombre2%TYPE,
    p_apellido1   IN clientes.apellido1%TYPE,
    p_apellido2   IN clientes.apellido2%TYPE,
    p_email       IN clientes.email%TYPE,
    p_telefono    IN clientes.telefono%TYPE,
      p_fecha       IN clientes.fecha_nacimiento%TYPE,
    p_sexo        IN clientes.sexo%TYPE,
    p_pais        IN clientes.cod_pais%TYPE,
    p_ciudad      IN clientes.ciudad%TYPE,
    p_direccion   IN clientes.direccion%TYPE
    )

IS 
    intSeqVal number;
    v_edad number(3) := calcularEdadCliente(p_fecha);
BEGIN
    select sec_id_cliente.nextval into intSeqVal from dual;
INSERT into CLIENTES VALUES (
    intSeqVal,
    p_dni,
    p_Nombre1,
    p_Nombre2,
    p_apellido1,
    p_apellido2,
    p_email,
    p_telefono,
    v_edad,
    p_pais,
    p_ciudad,
    p_direccion,
    to_date(p_fecha,'DD-MM-YYYY'),
    p_sexo,
    sysdate
    );
    COMMIT;
EXCEPTION
   WHEN DUP_VAL_ON_INDEX THEN
       DBMS_OUTPUT.PUT_LINE('游눢 Error: El cliente ya existe.');
END registroCliente;
/


-- -----------------------------------------------------
-- 2- Proc Registro de reserva del cliente
-- Correr primer calcular horas
-- -----------------------------------------------------

CREATE OR REPLACE PROCEDURE registroReserva(
    p_id_cliente         IN clientes.id_cliente%TYPE,
    p_id_tour            IN reserva_tours.id_tour1%TYPE,
    p_cantidad_personas  IN reserva_tours.cantidad_personas%TYPE,
    p_fecha_inicio       IN reserva_tours.fecha_inicio%TYPE
    )

IS 
    intSeqVal number;
    v_id_cliente number;
    v_precio number;
    v_status CHAR(2) := 'PE';
    v_cantidad_max number;
    v_cupos number;
    limite_cupos_exeed EXCEPTION;
    v_dias number;
    v_horas number;
    PRAGMA exception_init(limite_cupos_exeed, -20111);
BEGIN

--validacion de no exceder el maximo de personas por solicitud y que la fecha
--de inicio del tour sea mayor a la fecha de solicutud. por lo menos 24h antes.
IF p_cantidad_personas <= 10 AND p_fecha_inicio > sysdate THEN
    --se extraen la cantidad maxima de personas del id tour ingresado.
    SELECT cantidad_cupos INTO v_cantidad_max 
    FROM TOURS
    WHERE id_tours = p_id_tour;

    --se realiza una sumatoria con las condiciones del id tour ingresado.
    --si el tour esta en estado pendiente y si esta en la misma fecha.
    SELECT SUM(cantidad_personas) INTO v_cupos
    FROM RESERVA_TOURS
    WHERE id_tour1 = p_id_tour
    AND fecha_inicio = p_fecha_inicio
    AND status = 'PE';

    --el numero de personas para un dia, no puede exeder el limite de personas del tour.
    IF v_cupos > v_cantidad_max THEN
        raise_application_error(-20111,'Limite de cupos exedido.');
    ELSE
    --antes de la insercion se valida con el trigger ValidarCupos
    select sec_id_reserva.nextval into intseqval from dual;
    INSERT INTO RESERVACION(
        id_reserva,
        id_cliente,
        fecha_reserva,
        status)
        VALUES (
            intseqval,
        p_id_cliente,
        sysdate,
        v_status);

    --extrae el precio del tour seleccionado;
    select precio into v_precio from tours where id_tours = p_id_tour;
    --extrae la duracion del tour selecionado.
    select duracion into v_horas from tours where id_tours = p_id_tour;
    --conversion de las horas de duracion a -> dias.
    v_dias := calcularhoras(v_horas);

    --FINALIZA LA TRANSACCION INSERTANTO LOS VALORES EN RESERVA_TOUR.
    INSERT INTO RESERVA_TOURS(
        id_reserva1,
        id_tour1,
        fecha_inicio,
        fecha_fin,
        precio_tour,
        cantidad_personas,
        status,
        fecha_ingreso)
        VALUES(
            intseqval,
            p_id_tour,
            to_date(p_fecha_inicio,'dd-mm-yy'),
            to_date(p_fecha_inicio,'dd-mm-yy') + v_dias,
            v_precio,
            p_cantidad_personas,
            v_status,
            sysdate
        );
    END IF;
ELSE
    DBMS_OUTPUT.PUT_LINE('游눢 Advertencia: El numero maximo de personas es 10. Validar fecha de inicio.');
END IF;
EXCEPTION
    WHEN NO_DATA_FOUND THEN
       DBMS_OUTPUT.PUT_LINE('游눢 Error: Advertencia: No se han encontrado datos.');
    WHEN limite_cupos_exeed THEN
        DBMS_OUTPUT.PUT_LINE('游눢 Advertencia: Cupos agotados para este tour. Elija una fecha diferente.');
END registroReserva;
/


-- -----------------------------------------------------
-- 3- Proc Registro de reviews del cliente
-- -----------------------------------------------------

-- -----------------------------------------------------
-- 3- Proc Registro de reviews del cliente
-- -----------------------------------------------------

CREATE OR REPLACE PROCEDURE registroReview(
    p_cliente          IN reviews.id_cliente%TYPE,
    p_tour            IN reviews.id_tour%TYPE,
    p_descripcion     IN reviews.descripcion%TYPE,
    p_calificacion    IN reviews.calificacion%TYPE
    )

IS 
    intSeqVal number;
BEGIN
    select sec_id_review.nextval into intSeqVal from dual;
INSERT into REVIEWS VALUES (
    intSeqVal,
    p_cliente,
    p_tour,
    p_descripcion,
    p_calificacion,
    sysdate
    );
    COMMIT;
EXCEPTION
   WHEN DUP_VAL_ON_INDEX THEN
       DBMS_OUTPUT.PUT_LINE('游눢 Error: El cliente ya existe.');
END registroReview;
/



--ADMINISTRACION
-- -----------------------------------------------------
-- 1- Proc Registro del guia
-- Recordar correr la funcion calcularEdad y correr las secuencias
-- -----------------------------------------------------
CREATE OR REPLACE PROCEDURE registroGuia(
    p_dni         IN guias.dni%TYPE,
    p_Nombre1     IN guias.nombre1%TYPE,
    p_apellido1   IN guias.apellido1%TYPE,
    p_email       IN guias.email%TYPE,
    p_telefono    IN guias.telefono%TYPE,
    p_ciudad      IN guias.ciudad%TYPE,
    p_direccion   IN guias.direccion%TYPE,
    p_sexo        IN guias.sexo%TYPE,
    p_fecha       IN guias.fecha_nacimiento%TYPE
    )

IS 
    intSeqVal number;
    v_edad number(3) := calcularEdadCliente(p_fecha);
BEGIN
    select sec_id_guia.nextval into intSeqVal from dual;
INSERT into GUIAS VALUES (
    intSeqVal,
    p_dni,
    p_Nombre1,
    p_apellido1,
    p_email,
    p_telefono,
    v_edad,
    p_ciudad,
    p_direccion,
    to_date(p_fecha,'DD-MM-YYYY'),
    p_sexo,
    sysdate
    );
    COMMIT;
EXCEPTION
   WHEN DUP_VAL_ON_INDEX THEN
       DBMS_OUTPUT.PUT_LINE('游눢 Error: El guia ya existe.');
END registroGuia;
/

-- -----------------------------------------------------
-- 2- registro de la factura
-- -----------------------------------------------------
create or replace procedure registrarFactura(
    l_no_reserva      in facturacion.id_reserva%TYPE,
    l_id_cliente      in facturacion.id_cliente%TYPE,
    l_monto           in facturacion.monto_pago%TYPE,
    l_tipo_transac    in facturacion.tipo_transac%TYPE
)
IS
v_secuencia number;
v_monto number;
BEGIN
select precio_total into v_monto from reservacion
    where id_reserva = l_no_reserva and id_cliente = l_id_cliente;

IF SQL%NOTFOUND THEN
    DBMS_OUTPUT.PUT_LINE('Error de registro: Los valores ingresados no son validos.');

ELSE
select sec_no_factura.nextval into v_secuencia from dual;

INSERT INTO facturacion VALUES(
        v_secuencia,
        l_no_reserva,
        l_id_cliente,
        l_monto,
        l_tipo_transac,
        sysdate
);

END IF;
EXCEPTION
    WHEN DUP_VAL_ON_INDEX THEN
        DBMS_OUTPUT.PUT_LINE('Error de registro: Los valores ingresados no son validos.');
    WHEN NO_DATA_FOUND THEN
        DBMS_OUTPUT.PUT_LINE('Error de registro: Los valores ingresados no son validos.');
END registrarFactura;
/


--LOGISTICA

-- -----------------------------------------------------
-- 1- Proc Registro de destinos
-- -----------------------------------------------------
CREATE OR REPLACE PROCEDURE registroDestino(
    p_nombre          IN destinos.destino_nombre%TYPE,
    p_coordenadas     IN destinos.coordenadas%TYPE
    )

IS 
    intSeqVal number;
BEGIN
    select sec_id_destino.nextval into intSeqVal from dual;
INSERT into DESTINOS VALUES (
    intSeqVal,
    p_nombre,
    p_coordenadas,
    sysdate
    );
    COMMIT;
EXCEPTION
   WHEN DUP_VAL_ON_INDEX THEN
       DBMS_OUTPUT.PUT_LINE('游눢 Error: El destino ya existe.');
END registroDestino;
/


-- -----------------------------------------------------
-- 2- Proc Registro de los tours
-- -----------------------------------------------------

CREATE OR REPLACE PROCEDURE registroTour(
    p_nombre          IN tours.tour_nombre%TYPE,
    p_duracion        IN tours.duracion%TYPE,
    p_descripcion     IN tours.descripcion%TYPE,
    p_precio          IN tours.precio%TYPE,
    p_cupos           IN tours.cantidad_cupos%TYPE,
    p_dificultad      IN tours.id_dificultad%TYPE,
    p_guia            IN tours.id_guia%TYPE,
    p_id_promo        IN tours.id_promo%TYPE,
    p_destino1        number,
    p_destino2        number,
    p_destino3        number)

IS 
    
    v_precio number := p_precio;
    v_status char(2) := 'A';
    v_calificacion number := 0;
    v_promocion number;
    intSeqVal number;

    v_dest1 number := p_destino1;
    v_dest2 number := p_destino2;
    v_dest3 number := p_destino3;
    --array asociativo para guardar los destinos que tendra el tour.
    TYPE destinos IS TABLE OF NUMBER INDEX BY VARCHAR2(15);
    destino_id destinos;
    Idx VARCHAR2(15);

BEGIN
    --inicializacion de la secuencia.
    select sec_id_tour.nextval into intSeqVal from dual;

    --extraccion del valor de la promocion en promociones.
    select promocion into v_promocion from promociones where id_promo = p_id_promo;
    
INSERT into TOURS VALUES (
    intSeqVal,
    p_nombre,
    p_duracion,
    p_descripcion,
    p_precio,
    p_cupos,
    p_dificultad,
    p_guia,
    v_status,
    v_calificacion,
    p_id_promo,
    v_promocion,
    sysdate
    );

    --asignacion de los valores de los destinos para el tour.
    destino_id('destino1') := v_dest1;
    destino_id('destino2') := v_dest2;
    destino_id('destino3') := v_dest3;

    --asignacion del primer valor del array.
    idx := destino_id.first;

    --loop en el array para insertar el id del tour y el destino en la relacion muchos a muchos.
    WHILE Idx IS NOT NULL LOOP
        INSERT INTO DESTINOS_TOURS VALUES(
            destino_id(idx),
            intSeqVal,
            sysdate
        );
        Idx := destino_id.NEXT(Idx);
    END LOOP;

EXCEPTION
   WHEN DUP_VAL_ON_INDEX THEN
       DBMS_OUTPUT.PUT_LINE('游눢 Error: El tour ya existe.');
END registroTour;
/

--MERCADOTECNIA

-- -----------------------------------------------------
-- 1- Proc Registro de promociones
-- -----------------------------------------------------
CREATE OR REPLACE PROCEDURE registroPromociones(
    p_descripcion       IN promociones.descripcion%TYPE,
    p_mes_inicio       IN promociones.mes_inicio%TYPE,
    p_mes_fin      IN promociones.mes_fin%TYPE,
    p_promocion      IN promociones.promocion%TYPE
    )
IS 
    intSeqVal number;
BEGIN
    select sec_id_promo.nextval into intSeqVal from dual;
INSERT into promociones VALUES (
    intSeqVal,
    p_descripcion,
    p_mes_inicio,
    p_mes_fin,
    p_promocion
    );
    COMMIT;
EXCEPTION
   WHEN DUP_VAL_ON_INDEX THEN
       DBMS_OUTPUT.PUT_LINE('游눢 Error: La promoci칩n ya existe.');
END registroPromociones;
/


-- -----------------------------------------------------
-- 2- Proc activacion de las promociones
-- -----------------------------------------------------

create or replace procedure activarPromo(no_promocion number)
IS
v_id_promo number;
v_promo number;
v_descuento number;
BEGIN
select promocion into v_promo from promociones where id_promo = no_promocion;
update Tours
SET promocion = descuento(v_promo,precio)
where id_promo = no_promocion;
END activarPromo;
/

EXECUTE registroPromociones('Black Friday',11,12,0.35);
EXECUTE registroPromociones('Navidad', 12, 1, 0.5);
EXECUTE registroPromociones('Aniversario', 6, 7, 0.25);
EXECUTE registroPromociones('Rebajas de enero', 1, 2, 0.20);



------------------------------------------------------------
--- LOS TRIGGERS PODEROSOS
------------------------------------------------------------
-------------------------------------------------------------------------
-- TRIGGER DE ACTUALIZACION DE LA FACTURA EN LA RESERVACION
------------------------------------------------------------------------
CREATE OR REPLACE TRIGGER facturacion
after INSERT
ON facturacion 
FOR EACH ROW
declare
l_transac number := case
    when :new.tipo_transac = 'CO' then 1
    else 2 end; 

BEGIN

    IF l_transac = 1 THEN
        UPDATE reservacion
        SET
        status = 'CO'
        WHERE
        id_reserva = :new.id_reserva;
        
        UPDATE reserva_tours
        set
        status = 'CO'
        WHERE
        id_reserva1 = :new.id_reserva;
       
    ELSIF l_transac = 2 then
            UPDATE reservacion
            SET
            status = 'CA'
            WHERE
            id_reserva = :new.id_reserva;
            UPDATE reserva_tours
            set
            status = 'CA'
            WHERE
            id_reserva1 = :new.id_reserva;
    END IF;
    
END facturacion;
/

-------------------------------------------------------------------------
-- TRIGGER DE ACTUALIZACION DE AUDITORIA
------------------------------------------------------------------------

CREATE OR REPLACE TRIGGER ACTUALIZAR_AUDITORIA
AFTER INSERT OR UPDATE 
ON RESERVA_TOURS
FOR EACH ROW

BEGIN
IF INSERTING THEN

INSERT INTO AUDITORIA VALUES (
  sec_cod_aut.nextval,
  :new.id_reserva1,
  :new.id_tour1,
  'I',
  'RESERVA_TOUR',
  :new.cantidad_personas,
  :new.fecha_inicio,
  :new.fecha_fin,
  :new.status,
  :new.precio_tour,
  USER,
  SYSDATE);

ELSIF UPDATING THEN

INSERT INTO AUDITORIA VALUES (
  sec_cod_aut.nextval,
  :new.id_reserva1,
  :new.id_tour1,
  'U',
  'RESERVA_TOUR',
  :new.cantidad_personas,
  :new.fecha_inicio,
  :new.fecha_fin,
  :new.status,
  :new.precio_tour,
  USER,
  SYSDATE);
END IF;

EXCEPTION
  WHEN NO_DATA_FOUND THEN
  DBMS_OUTPUT.PUT_LINE('Erro numero:');
END ACTUALIZAR_AUDITORIA;
/






-----UPDATE PARA LOS DATOS ANTERIORES---

UPDATE CLIENTES SET 
  fecha_nacimiento = '13-FEB-1988',
  sexo = 'M',
  ciudad = 'Panam치',
  direccion = 'Punta Pac칤fica',
  fecha_ingreso = SYSDATE
where id_cliente = 8977;

UPDATE CLIENTES SET 
  fecha_nacimiento = '13-FEB-1965',
  sexo = 'M',
  ciudad = 'Panam치',
  direccion = 'Obarrio',
  fecha_ingreso = SYSDATE
where id_cliente = 9010;
  

-- Clientes 3
UPDATE CLIENTES SET 
  fecha_nacimiento = '25-FEB-1999',
  sexo = 'F',
  ciudad = 'Panam치',
  direccion = 'Costa Sur',
  fecha_ingreso = SYSDATE
where id_cliente = 9067;

-- Funciona registro cliente, cambiar orden de par치metros
EXECUTE registroCliente('800-99-126', 'SERGIO', 'GARCIA', 'ROJAS', 'ALBERTO', 'SERGIO9173@MAIL.COM', '(760) 858-4101','16-JAN-1995','M',164,'Panam치','La Locer칤a calle 5');
EXECUTE registroCliente('800-99-127', 'RANDALL', 'SCHONELL', 'WAYNE', '', 'RANDALL9208@MAIL.COM', '(359) 601-3665','20-APR-1994', 'M',156,'Panam치', 'Costa del Este' );
EXECUTE registroCliente('800-99-128', 'JORGE', 'RODRIGUEZ', 'MOLINA', 'IGNACIO', 'JORGE9235@MAIL.COM', '(880) 310-4393','04-FEB-1989', 'M', 156, 'Panam치', 'San Francisco');
EXECUTE registroCliente('800-99-129', 'SEBASTIAN', 'RODRIGUEZ', 'GONZALEZ', '', 'SEBASTIAN9248@MAIL.COM', '(909) 739-9701', '18-MAY-1988', 'M', 47, 'Panam치', 'Anton Rio hato');


EXECUTE registroCliente('800-99-126', 'SERGIO', 'GARCIA', 'ROJAS', 'ALBERTO', 'SERGIO9173@MAIL.COM', '(760) 858-4101','16-JAN-1995','M',164,'Panam치','La Locer칤a calle 5');
EXECUTE registroCliente('800-99-127', 'RANDALL', 'SCHONELL', 'WAYNE', '', 'RANDALL9208@MAIL.COM', '(359) 601-3665','20-APR-1994', 'M',156,'Panam치', 'Costa del Este' );
EXECUTE registroCliente('800-99-128', 'JORGE', 'RODRIGUEZ', 'MOLINA', 'IGNACIO', 'JORGE9235@MAIL.COM', '(880) 310-4393','04-FEB-1989', 'M', 156, 'Panam치', 'San Francisco');
EXECUTE registroCliente('800-99-129', 'SEBASTIAN', 'RODRIGUEZ', 'GONZALEZ', '', 'SEBASTIAN9248@MAIL.COM', '(909) 739-9701', '18-MAY-1988', 'M', 47, 'Panam치', 'Anton Rio hato');


EXECUTE registroCliente('800-99-130', 'ANTONIO', 'MARTINEZ', 'FALLAS', 'FELIPE', 'ANTONIO9251@MAIL.COM', '(849) 837-9673','29-JUL-1994','M', 47, 'Panam치', 'Bethania');
EXECUTE registroCliente('800-99-132', 'PATRICIA', 'JIMENEZ', 'CENTENO', 'LUCIA', 'PATRICIA9333@MAIL.COM', '(509) 853-5896', '18-AUG-1984', 'F', 47, 'Panam치', 'Ma침anitas calle 8');
EXECUTE registroCliente('800-99-133', 'ROY', 'MOJICA', 'SERRANO', 'EIBAR', 'ROY9378@MAIL.COM', '(333) 788-3128', '30-MAR-1999','M', 164, 'Panam치', 'Calidonia');
EXECUTE registroCliente('800-99-134', 'NOLBERTO', 'M', 'MENDOZA', '', 'NOLBERTO9757@MAIL.COM', '(463) 376-6487', '28-JUL-1993','M' , 164, 'Panam치', 'Chorrera Vista hermosa');
EXECUTE registroCliente('800-99-135', 'MARVIN', 'NU칌EZ', 'NU칌EZ', '', 'MARVIN9822@MAIL.COM', '(227) 711-3892','27-SEP-1997', 'M' , 47, 'Panam치', 'Tocumen La siesta');
EXECUTE registroCliente('800-99-136', 'PATROCINIO', 'ELIZONDO', 'QUESADA', '', 'PATROCINIO9829@MAIL.COM', '(561) 275-1095','14-SEP-2001', 'M' , 47, 'Panam치', 'Brisas del Golf');
EXECUTE registroCliente('800-99-137', 'CLAUDE', 'PARENT', 'COTO', '', 'CLAUDE9863@MAIL.COM', '(461) 409-3369', '10-OCT-1999','F', 36, 'Panam치', 'Condado del rey');
EXECUTE registroCliente('800-99-138', 'GLADYS', 'DUARTE', 'OBANDO', '', 'GLADYS9865@MAIL.COM', '(348) 681-5993', '13-NOV-1993','F', 47, 'Panam치', 'El Dorado');
EXECUTE registroCliente('800-99-139', 'HORACIO', 'CAJINA', 'ESPINOZA', 'ALBERTO', 'HORACIO9866@MAIL.COM', '(816) 426-6987', '12-MAR-1999', 'M' , 47, 'Panam치', 'El Valle de Ant칩n');
EXECUTE registroCliente('800-99-141', 'YENSEN', 'GOMEZ', 'HURTADO', 'JOAQUIN', 'YENSEN9870@MAIL.COM', '(994) 636-8261', '23-APR-1968','M', 47, 'Panam치', 'Penonom칠');
EXECUTE registroCliente('800-99-142', 'BERNARDO', 'VEGA', 'HIDALGO', '', 'BERNARDO9873@MAIL.COM', '(235) 515-9166', '21-DEC-1979', 'M', 47, 'Panam치', 'Santiago');
EXECUTE registroCliente('800-99-143', 'ALVARO', 'CANALES', 'CANALES', '', 'ALVARO9874@MAIL.COM', '(381) 899-2311', '12-APR-1994', 'M', 47, 'Panam치', 'Boquete');
EXECUTE registroCliente('800-99-144', 'ALBERTO', 'GIL', 'COLL', 'EUGENIO', 'ALBERTO9877@MAIL.COM', '(926) 341-7084', '31-OCT-1967', 'M', 226, 'Panam치', 'Santiago');
EXECUTE registroCliente('800-99-145', 'MARCOS', 'ALVARADO', 'POVEDA', 'AURELIO', 'MARCOS9879@MAIL.COM', '(698) 889-4891', '25-JAN-1965', 'M', 47, 'Panam치', 'Chitre');
EXECUTE registroCliente('800-99-146', 'MARCO', 'RODRIGUEZ', 'PRADO', 'H', 'MARCO9917@MAIL.COM', '(800) 515-7467','11-APR-1984', 'M', 47, 'Panam치', 'Ciudad Belen');
EXECUTE registroCliente('800-99-147', 'PEDRO', 'BARRANZA', 'GUTIERREZ', '', 'PEDRO9919@MAIL.COM', '(963) 472-3173', '19-NOV-1984', 'M', 47, 'Panam치', 'Pacora');
EXECUTE registroCliente('800-99-149', 'EVELING', 'VICTOR', 'LOPEZ', 'JOHANNA', 'EVELING9950@MAIL.COM', '(215) 483-1128','15-AUG-1941',  'F', 156,'Panam치', 'Camino de Cruces El Dorado');
EXECUTE registroCliente('800-99-150', 'FRANCISCO', 'MACHADO', 'PIZARRO', '', 'FRANCISCO9953@MAIL.COM', '(718) 699-3754','08-JAN-1976','M', 221, 'Panam치', 'Obarrio');
EXECUTE registroCliente('800-99-151', 'RICARDO', 'IBARRA', 'LOPEZ', '', 'RICARDO9965@MAIL.COM', '(814) 877-9845', '20-DEC-1959','M', 156, 'Panam치', 'Peregil Calle 3ra');
EXECUTE registroCliente('800-99-152', 'JORGE', 'REYES', 'MORA', 'SOCRATES', 'JORGE9967@MAIL.COM', '(720) 932-4515','29-NOV-1964','M', 221,'Panam치', 'San Francisco');
EXECUTE registroCliente('800-99-153', 'ADRIAN', 'ARAYA', 'QUESADA', '', 'ADRIAN9970@MAIL.COM', '(296) 572-1447','30-JUL-1966','M', 221,'Panam치', 'Ave. La Paz');
EXECUTE registroCliente('800-99-154', 'JOSE', 'TREMINIO', 'ARCEDA', 'ERNESTO', 'JOSE9972@MAIL.COM', '(840) 470-0839','30-NOV-1989','M', 156,'Panam치', 'El Cangrejo');
EXECUTE registroCliente('800-99-155', 'MARVIN', 'MARTINEZ', 'RUIZ', 'PASCUAL', 'MARVIN9978@MAIL.COM', '(447) 214-8351','14-FEB-1942','M', 221,'Panam치', 'Chitre');
EXECUTE registroCliente('800-99-156', 'DAMIAN', 'DELGADO', 'UMA칌A', '', 'DAMIAN9992@MAIL.COM', '(614) 782-2559','14-JUN-1965','M', 221, 'Panam치', 'Aguadulce');
EXECUTE registroCliente('800-99-157', 'JULIO', 'GUEVARA', 'CARDENAS', 'CESAR', 'JULIO9998@MAIL.COM', '(605) 207-6553','24-JAN-1994', 'M', 156, 'Panam치', 'Monte Oscuro');
EXECUTE registroCliente('800-99-158', 'ERICK', 'NAVAS', 'LOPEZ', 'ROBERTO', 'ERICK10004@MAIL.COM', '(291) 784-5428', '12-JAN-1978', 'M', 156, 'Panam치', 'Sim칩n Bolivar');
EXECUTE registroCliente('800-99-159', 'JHONY', 'CAMARGO', 'APONTE', '', 'JHONY10009@MAIL.COM', '(885) 246-9627', '13-DEC-1978','M', 164, 'Panam치', 'Carrasquilla');
EXECUTE registroCliente('800-99-160', 'MARVIN', 'OROZCO', 'BRAVO', '', 'MARVIN10018@MAIL.COM', '(410) 843-8848', '18-OCT-1995','M', 221, 'Panam치', 'La Alameda');
EXECUTE registroCliente('800-99-161', 'JAMIL', 'VIDAURRE', 'ALVAREZ', 'JOSUE', 'JAMIL10020@MAIL.COM', '(740) 233-9392', '23-MAY-1991','M' , 221, 'Panam치', 'Via Porras');
EXECUTE registroCliente('800-99-162', 'MANUEL', 'ELIZONDO', 'FALLAS', 'ANTONIO', 'MANUEL10053@MAIL.COM', '(683) 380-2194', '12-MAR-1984','M', 221,'Panam치', 'Pueblo Nuevo');
EXECUTE registroCliente('800-99-163', 'CHRISTIAN', 'LOPEZ', 'DIAS', 'FELIPE', 'CHRISTIAN10057@MAIL.COM', '(718) 239-1416', '01-FEB-1967','M' , 221,'Panam치', 'Chame');
EXECUTE registroCliente('800-99-164', 'MICHAEL', 'CASTRO', 'HERRERA', '', 'MICHAEL10099@MAIL.COM', '(717) 401-2417', '16-JUN-1978','M', 221,'Panam치', 'Punta Chame');
EXECUTE registroCliente('800-99-165', 'LUIS', 'BERNAL', 'CARRERA', 'ANTONIO', 'LUIS10128@MAIL.COM', '(209) 934-2057', '02-MAY-1987','M' , 164,'Panam치', 'San Carlos');
EXECUTE registroCliente('800-99-166', 'LUIS', 'CENTENO', 'ARGUEDAS', '', 'LUIS10149@MAIL.COM', '(336) 671-8952', '26-FEB-1998','M', 221,'Panam치', 'Las Tablas');
EXECUTE registroCliente('800-99-167', 'HERNAN', 'COTO', 'VARGAS', 'JOSE', 'HERNAN10150@MAIL.COM', '(627) 856-2837', '30-APR-1989','M', 221,'Panam치', 'Rio Abajo');
EXECUTE registroCliente('800-99-168', 'OSWALD', 'ICAZA', 'CHAPMAN', 'RAMON', 'OSWALD10152@MAIL.COM', '(289) 320-4690', '28-FEB-1976','M', 164,'Panam치', 'Via Cincuentenario');
EXECUTE registroCliente('800-99-169', 'EDWIN', 'ESPINOSA', 'ZABALLOS', 'ROBERTO', 'EDWIN10167@MAIL.COM', '(393) 817-7489', '12-DEC-1975','M', 164,'Panam치', 'Ave. Manuel E. Batista');
EXECUTE registroCliente('800-99-170', 'CARLOS', 'ARGE칌AL', 'ODIO', 'MANUEL', 'CARLOS10173@MAIL.COM', '(874) 383-0296', '06-FEB-1989','M', 156,'Panam치', 'Paitilla');
EXECUTE registroCliente('800-99-171', 'EVERTH', 'HERRERA', 'RAMOS', 'JOSE', 'EVERTH10192@MAIL.COM', '(819) 848-4270', '26-OCT-1990','M', 221,'Panam치', 'Marbella');
EXECUTE registroCliente('800-99-172', 'ANGELICA', 'QUESADA', 'VILLEGAS', '', 'ANGELICA10195@MAIL.COM', '(567) 284-6125', '23-FEB-1995','F', 221,'Panam치', 'El Ingenio');
EXECUTE registroCliente('800-99-173', 'PATRICIA', 'V.', 'ALVARENGA', '', 'PATRICIA10198@MAIL.COM', '(558) 767-0282', '14-NOV-1972','F', 221,'Panam치', 'San Francisco');
EXECUTE registroCliente('800-99-174', 'BLANCA', 'HERRERA', 'VIQUEZ', 'IRMA', 'BLANCA10209@MAIL.COM', '(723) 477-6442', '10-AUG-1984','F', 221,'Panam치', 'El Carmen');
EXECUTE registroCliente('800-99-175', 'MOISES', 'TORREZ', 'HERNANDEZ', '', 'MOISES10223@MAIL.COM', '(385) 707-3076', '03-DEC-1989','M', 156,'Panam치', 'Obarrio');
EXECUTE registroCliente('800-99-176', 'JUAN', 'BAEZ', 'OJEDA', 'ROLANDO', 'JUAN10237@MAIL.COM', '(643) 232-9213', '30-AUG-1995','M', 156, 'Panam치', 'Bella Vista');
EXECUTE registroCliente('800-99-177', 'MARTHA', 'LAGUNA', 'LANUZA', '', 'MARTHA10244@MAIL.COM', '(906) 876-1848', '06-SEP-1980','F', 221,'Panam치', 'Bethania');
EXECUTE registroCliente('800-99-178', 'DANILO', 'CASCANTE', 'DURAN', '', 'DANILO10255@MAIL.COM', '(215) 467-3942', '10-AUG-1970','M', 221, 'Panam치', 'Tumba Muerto');
EXECUTE registroCliente('800-99-179', 'MAX', 'CUTILLAS', 'HERNANDEZ', 'ULISES', 'MAX10896@MAIL.COM', '(203) 828-1100', '19-JUL-1986','M', 221, 'Panam치', 'Via Espa침a');
EXECUTE registroCliente('800-99-180', 'MAXVIDAL', 'PEREZ', 'ALONZO', '', 'MAXVIDAL10898@MAIL.COM', '(669) 961-9093', '11-JUN-1976','M', 221, 'Panam치', 'Tocumen');
EXECUTE registroCliente('800-99-181', 'ANA', 'HERNANDEZ', 'CANO', 'JULIA', 'ANA10906@MAIL.COM', '(945) 531-6686', '30-JUN-1965','F', 221, 'Panam치', 'Pedregal');
EXECUTE registroCliente('800-99-182', 'MAURICIO', 'CARRANZA', 'CASTRO', 'ALBERTO', 'MAURICIO10912@MAIL.COM', '(677) 273-1606','13-APR-1974' ,'M', 221, 'Panam치', 'Paitilla');
EXECUTE registroCliente('800-99-183', 'CARLOS', 'CESPEDES', 'CASCANTE', 'FRANCIS', 'CARLOS10915@MAIL.COM', '(731) 772-3521','24-MAY-1984' ,'M', 221, 'Panam치', 'Costa Sur');
EXECUTE registroCliente('800-99-184', 'JIMMY', 'NORORI', 'ALVARADO', 'JOSE', 'JIMMY10917@MAIL.COM', '(969) 808-0512', '27-MAR-1996','M', 221, 'Panam치', 'Condado del Rey');
EXECUTE registroCliente('800-99-185', 'FRANCISCO', 'SANCHEZ', 'LEON', 'ALBERTO', 'FRANCISCO10930@MAIL.COM', '(959) 584-1775', '11-MAR-1995','M', 221, 'Panam치', 'Arraijan');
EXECUTE registroCliente('800-99-186', 'ISIDRO', 'CASCO', 'AVELAREZ', 'EUSEBRO', 'ISIDRO10935@MAIL.COM', '(765) 506-9345', '14-MAY-1991','M', 156,'Panam치', 'Las Cumbres');
EXECUTE registroCliente('800-99-187', 'EDWIN', 'RIOS', 'DAVIS', 'DANIEL', 'EDWIN11007@MAIL.COM', '(320) 623-4695', '13-DEC-1999','M', 164,'Panam치', 'Ciudad del Saber');
EXECUTE registroCliente('800-99-188', 'OSCAR', 'TORRES', 'PATI칌O', 'ARSENIO', 'OSCAR11027@MAIL.COM', '(325) 787-5793', '24-OCT-1997','M', 164, 'Panam치', 'Clayton');
EXECUTE registroCliente('800-99-189', 'JORGE', 'SOTO', 'SEGURO', 'GERARDO', 'JORGE11114@MAIL.COM', '(931) 373-0849', '20-JAN-1996','M', 221, 'Panam치', 'El Balboa');
EXECUTE registroCliente('800-99-190', 'JACKELINE', 'TEJADA', 'MURILLO', 'GRISSEL', 'JACKELINE11248@MAIL.COM', '(324) 422-3262', '29-JAN-1995','F', 92, 'Panam치', 'Villa Lucre');
EXECUTE registroCliente('800-99-191', 'RAFAEL', 'CORPAS', 'MALDONADO', '', 'RAFAEL11454@MAIL.COM', '(310) 661-9757', '28-MAY-1991','M', 164, 'Panam치', 'San Miguelito');
EXECUTE registroCliente('800-99-192', 'CHRISTOPH', 'FELBER', 'FRANZ', '', 'CHRISTOPH11947@MAIL.COM', '(515) 707-7004', '27-OCT-1992','M', 13, 'Panam치', 'Camino de Cruces');
EXECUTE registroCliente('800-99-193', 'CARLOS', 'G.', 'HERNANDEZ', 'JOSE', 'CARLOS12396@MAIL.COM', '(802) 901-2929', '26-APR-1978','M', 148, 'Panam치', 'Chorrera');
EXECUTE registroCliente('800-99-194', 'TODD', 'PARKS', 'STANLEY', '', 'TODD12404@MAIL.COM', '(871) 350-2985', '25-JUN-1974','M', 221, 'Panam치', 'Capira');
EXECUTE registroCliente('800-99-195', 'ELAINE', 'HEATHER', 'DUTHIE', '', 'ELAINE12421@MAIL.COM', '(484) 303-9608', '24-MAY-1964','F', 36, 'Panam치', 'Arraijan');
EXECUTE registroCliente('800-99-196', 'RAUL', 'PONCE', 'MIRANDA', 'ASDRUBAL', 'RAUL12756@MAIL.COM', '(526) 648-8494', '23-MAY-1974','M', 164, 'Panam치', 'Villa Lucre');
EXECUTE registroCliente('800-99-197', 'RAFAEL', 'SOLIS', 'DIAZ', '', 'RAFAEL12758@MAIL.COM', '(696) 406-6174', '22-OCT-1999','M', 164, 'Panam치', 'Pedregal');
EXECUTE registroCliente('800-99-198', 'DIVA', 'OLIVERA', 'DE', '', 'DIVA12773@MAIL.COM', '(731) 436-3900', '21-SEP-1997','F', 198, 'Panam치', 'Costa del Este');
EXECUTE registroCliente('800-99-199', 'CARLOS', 'PAVON', 'FLORES', 'GERARDO', 'CARLOS12841@MAIL.COM', '(976) 594-4457', '20-JUL-1978','M', 92, 'Panam치', 'Juan Diaz');
EXECUTE registroCliente('800-99-200', 'LEONARDO', 'LEPIZ', 'ALFARO', 'JUAN', 'LEONARDO13068@MAIL.COM', '(580) 427-7005', '19-AUG-1987','M', 198, 'Panam치', 'Tumba Muerto');
EXECUTE registroCliente('800-99-201', 'MARGARITO', 'MARTINEZ', 'RODRIGUEZ', '', 'MARGARITO13222@MAIL.COM', '(716) 946-1488', '18-DEC-1978','M', 198, 'Panam치', 'El carmen');
EXECUTE registroCliente('800-99-202', 'JOSE', 'NU칌EZ', 'ALVAREZ', 'HECTOR', 'JOSE13230@MAIL.COM', '(547) 754-4511', '17-APR-1978','M', 164, 'Panam치', 'Via Argentina');
EXECUTE registroCliente('800-99-203', 'RICARDO', 'BONILLA', 'SALGADO', 'ARTURO', 'RICARDO13248@MAIL.COM', '(426) 636-8404', '16-OCT-1987','M', 92, 'Panam치', 'Transismica');
EXECUTE registroCliente('800-99-204', 'FELIX', 'BUSTILLO', 'AVIDAN', '', 'FELIX13250@MAIL.COM', '(320) 848-4228', '15-JUL-1989','M', 92, 'Panam치', 'El Ingenio');
EXECUTE registroCliente('800-99-205', 'FERNANDO', 'ARGUETA', 'CORADO', '', 'FERNANDO13268@MAIL.COM', '(651) 818-5170', '14-JUN-1978','M', 86, 'Panam치', 'San Isidro');
EXECUTE registroCliente('800-99-206', 'CARLOS', 'RUIZ', 'ANBEL', 'ROLANDO', 'CARLOS13269@MAIL.COM', '(479) 340-5079', '13-JUN-1993','M', 86, 'Panam치', 'San Miguelito');
EXECUTE registroCliente('800-99-211', 'HECTOR', 'CRUZ', 'MARQUEZ', 'GRECORIO', 'HECTOR13944@MAIL.COM', '(406) 708-6367', '21-JAN-1974','M', 164,  'Panam치', 'Calidonia');
EXECUTE registroCliente('800-99-212', 'JULIO', 'NAVARRETE', 'LEIRA', 'ERNESTO', 'JULIO13988@MAIL.COM', '(571) 899-6144', '12-NOV-1992','M', 164, 'Panam치', 'Chorrillo');
EXECUTE registroCliente('800-99-213', 'NELSON', 'PERALTA', 'CEDE칌O', 'ARIEL', 'NELSON14040@MAIL.COM', '(393) 880-4916', '24-DEC-1994','M', 164, 'Panam치', 'Las palmeras Anc칩n');
EXECUTE registroCliente('800-99-214', 'DEMUS', 'VARGAS', 'MORALES', 'RODRIGO', 'DEMUS14137@MAIL.COM', '(293) 391-0543', '24-SEP-1974','M', 164, 'Panam치', 'Parque Lefevre');
EXECUTE registroCliente('800-99-215', 'EUDES', 'LE', 'YVES', 'CLAUDE', 'EUDES14199@MAIL.COM', '(605) 735-3525', '17-JUN-1934','M', 71, 'Panam치', 'Ave. Balboa');
EXECUTE registroCliente('800-99-216', 'PETERS', 'JEFFREY', 'DEAN', '', 'PETERS14214@MAIL.COM', '(627) 362-7185', '23-MAY-1978','M', 221, 'Panam치', 'Las Margaritas');
EXECUTE registroCliente('800-99-217', 'FRANCISCO', 'ROQUE', 'MOURY', '', 'FRANCISCO14217@MAIL.COM', '(753) 454-5146', '20-APR-1964','M', 221, 'Panam치', 'Via Espa침a Paso blanco');
EXECUTE registroCliente('800-99-218', 'NORMAN', 'LOPEZ', 'MARTINEZ', 'PETRONIO', 'NORMAN14292@MAIL.COM', '(234) 864-5012', '24-OCT-1986','M', 221, 'Panam치', 'Las Americas');
EXECUTE registroCliente('800-99-219', 'JORGE', 'MICOPULUS', 'VELASCO', 'ELIAS', 'JORGE14448@MAIL.COM', '(726) 629-0457', '04-FEB-1985','M', 148, 'Panam치', 'Tocumen');
EXECUTE registroCliente('800-99-220', 'PABLO', 'NUCKEL', 'PEREZ', 'JOSE', 'PABLO14538@MAIL.COM', '(658) 768-8237', '21-MAR-1974','M', 53, 'Panam치', 'Juan Diaz');
EXECUTE registroCliente('800-99-222', 'KOENISSFEST', 'DE', 'ICAZA', 'ALFREDO', 'KOENISSFEST14713@MAIL.COM', '(711) 569-6128', '14-APR-1993','M', 164, 'Panam치', 'El Palmar');

----Actualizar guias----

UPDATE GUIAS SET 
  fecha_nacimiento = '13-FEB-1956',
  sexo = 'M',
  ciudad = 'Panam치',
  direccion = 'Punta Pac칤fica',
  fecha_ingreso = SYSDATE
where id_guia = 1;

UPDATE GUIAS SET 
  fecha_nacimiento = '13-FEB-1994',
  sexo = 'F',
  ciudad = 'Panam치',
  direccion = 'Bella Vista',
  fecha_ingreso = SYSDATE
where id_guia = 2;

EXECUTE registroGuia ('2-589-156', 'Jack', 'Salazar', 'jack.salazar@outlook.com', '68307239', 'Panam치', 'Ciudad de Panam치','M','15-SEP-1992');
EXECUTE registroGuia ('N-58-789', 'Thiago', 'Cutire', 'thiago.cutire@outlook.com', '68907239','Panam치', 'Ciudad de Panam치','M', '23-OCT-1996');
EXECUTE registroGuia ('8-58-789', 'Jasmine', 'Cutire', 'jasmine.cutire@outlook.com', '68907239','Panam치', 'Ciudad de Panam치','F', '12-DEC-1996');

-- EXECUTE registroGuia ('6-789-589', 'Jasmine', 'Cutire', 'jasmine.cutire@outlook.com', '68507239', 'Panam치', 'Ciudad de Panam치','F', '12-DEC-2000');

-- UPDATES
UPDATE DESTINOS SET 
  coordenadas = '9.14369608292388, -79.73955911092854',
  fecha_ingreso = SYSDATE
where id_destinos = 1;

UPDATE DESTINOS SET 
  coordenadas = '8.933175183920792, -79.54472113068768',
  fecha_ingreso = SYSDATE
where id_destinos = 2;


UPDATE DESTINOS SET 
  coordenadas = '8.952929715885642, -79.53602427050633',
  fecha_ingreso = SYSDATE
where id_destinos = 3;

----Execute----
EXECUTE registroDestino('Panam치 Viejo', '9.006795767655342, -79.48521125249091');
EXECUTE registroDestino('Portobelo', '9.553700513834134, -79.6571566187573');
EXECUTE registroDestino('San Blas', '9.588879656128823, -78.70181560341317');
EXECUTE registroDestino('Isla Grande', '9.635207710011752, -79.5647800721087');
EXECUTE registroDestino('Valle de Ant칩n', '8.617642361667896, -80.13350501585857');
EXECUTE registroDestino('Cerro Azul', '9.231093376931321, -79.40849646702256');
EXECUTE registroDestino('Volc치n Bar칰', '8.809192431066274, -82.54293986928006');
EXECUTE registroDestino('Archipi칠lago de las perlas', '8.488942531158493, -78.97550508992742');
EXECUTE registroDestino('Boquete', '8.777260734178117, -82.44951807768413');
EXECUTE registroDestino('Cerro Anc칩n', '8.95997475718351, -79.547817779238433');
EXECUTE registroDestino('Punta chame', '8.642885653161462, -79.70915821101356');
EXECUTE registroDestino('Calzada amador', '8.915900202565433, -79.53301257587526');
EXECUTE registroDestino('Bocas del Toro', '9.290079231354605, -82.67968961046321');
EXECUTE registroDestino('Ninguno', '-');


---Execute---
---TOURS---
/*
CREATE OR REPLACE PROCEDURE registroTour(
    p_nombre          IN tours.tour_nombre%TYPE,
    p_duracion        IN tours.duracion%TYPE,
    p_descripcion     IN tours.descripcion%TYPE,
    p_precio          IN tours.precio%TYPE,
    p_cupos           IN tours.cantidad_cupos%TYPE,
    p_dificultad      IN tours.id_dificultad%TYPE,
    p_guia            IN tours.id_guia%TYPE,
    p_id_promo        IN tours.id_promo%TYPE,
    p_destino1        number,
    p_destino2        number,
    p_destino3        number)

    TOUR

    ID_TOURS	NOT NULL	NUMBER
    TOUR_NOMBRE	NOT NULL	VARCHAR2(45)
    DURACION	NOT NULL	NUMBER
    DESCRIPCION	NOT NULL	VARCHAR2(250)
    PRECIO	NOT NULL	NUMBER
    CANTIDAD_CUPOS	NOT NULL	NUMBER
    ID_DIFICULTAD	NOT NULL	NUMBER
    ID_GUIA	NOT NULL	NUMBER
    STATUS		CHAR(2)
    CALIFICACION		NUMBER(1)
    ID_PROMO		NUMBER
    PROMOCION		NUMBER
    FECHA_MOD		DATE
     
    CREATE TABLE TOURS (id_tours NUMBER NOT NULL,
  tour_nombre VARCHAR2(45) NOT NULL,
  duracion NUMBER NOT NULL,
  descripcion VARCHAR2(250) NOT NULL,
  precio number NOT NULL,
  cantidad_cupos number not null,
  id_dificultad NUMBER NOT NULL,
  id_guia NUMBER NOT NULL,
  CONSTRAINT pk_id_tours PRIMARY KEY (id_tours),
  CONSTRAINT fk_id_dificultad
    FOREIGN KEY (id_dificultad)
    REFERENCES DIFICULTAD (id_dificultad),
  CONSTRAINT fk_id_guia
    FOREIGN KEY (id_guia)
    REFERENCES GUIAS (id_guia)
);


*/ 

UPDATE TOURS SET
  id_promo = 1,
  calificacion = 0,
  status = 'A'
  where id_tours = 1; 

  UPDATE TOURS SET
  id_promo = 1,
  calificacion = 0,
  status = 'A'
  where id_tours = 2; 

EXECUTE registroTour('Portobelo y destinos del caribe de Panam치',12,'S칠 parte de la experiencia de Col칩n y el caribe paname침o.',90,15,1,4,3,5,7,17);
EXECUTE registroTour('Ida al Valle de Ant칩n',10,'Experimenta el valle de Ant칩n.',120,20,2,5,3,8,17,17);
EXECUTE registroTour('Tour al volc치n Bar칰',72,'Experimenta el volcan Bar칰.',150,20,3,1,4,10,17,17);
EXECUTE registroTour('Tour al volc치n Bar칰 en 4x4', 48, 'Un tour al volc치n Bar칰.', 200, 10, 2, 2, 3, 4, 17, 17);
EXECUTE registroTour('Ven a Bocas del Toro', 20, 'Playas, buen clima, restaurantes para disfrutar en Bocas del Toro.', 190, 20, 1, 3, 4, 5, 17, 17);
EXECUTE registroTour('La isla de las Flores', 9, 'La isla de las Flores tiene mucho que ofrecer a sus clientes.', 150, 15, 2, 4, 4, 8,9,17  );
EXECUTE registroTour('El Archipi칠lago de las Perlas', 6, 'El Archipielago de las Perlas da una gran experiencia para la familia.', 80, 12, 3, 2, 4, 6, 7, 17);

/*
   p_nombre          IN tours.tour_nombre%TYPE,
    p_duracion        IN tours.duracion%TYPE,
    p_descripcion     IN tours.descripcion%TYPE,
    p_precio          IN tours.precio%TYPE,
    p_cupos           IN tours.cantidad_cupos%TYPE,
    p_dificultad      IN tours.id_dificultad%TYPE,
    p_guia            IN tours.id_guia%TYPE,
    p_id_promo        IN tours.id_promo%TYPE,
    p_destino1        number,
    p_destino2        number,
    p_destino3        number)
    





----Execute----
-----RESERVACION---

/*
-- PARAMETROS PROCEDIMIENTO REGISTRO_RESERVA

   p_id_cliente         IN clientes.id_cliente%TYPE,
    p_id_tour            IN reserva_tours.id_tour1%TYPE,
    p_cantidad_personas  IN reserva_tours.cantidad_personas%TYPE,
    p_fecha_inicio       IN reserva_tours.fecha_inicio%TYPE

*/
-- PRIMERO CREAR TOURS
-- CAMBIAR CADA UNO PARA que quede segun la secuencia
/*
INSERT INTO RESERVACION VALUES (1, 9333, TO_DATE('02-01-2022','DD-MM-YYYY'),1);
INSERT INTO RESERVACION VALUES (2, 10020,TO_DATE('03-01-2022','DD-MM-YYYY'),2);
INSERT INTO RESERVACION VALUES (3, 10057,TO_DATE('04-01-2022','DD-MM-YYYY'),5);
*/
EXECUTE registroReserva(4,3,4,TO_DATE('05-01-2022','DD-MM-YYYY'));
EXECUTE registroReserva(5,2,4,TO_DATE('09-01-2022','DD-MM-YYYY'));
EXECUTE registroReserva(6,6,3,TO_DATE('11-01-2022','DD-MM-YYYY'));
EXECUTE registroReserva(7,6,3,TO_DATE('12-01-2022','DD-MM-YYYY'));
EXECUTE registroReserva(8,8,5,TO_DATE('13-01-2022','DD-MM-YYYY'));
EXECUTE registroReserva(9,3,5,TO_DATE('18-01-2022','DD-MM-YYYY'));
EXECUTE registroReserva(10,2,4,TO_DATE('23-01-2022','DD-MM-YYYY'));
EXECUTE registroReserva(11,7,2,TO_DATE('02-02-2022','DD-MM-YYYY'));
EXECUTE registroReserva(12,8,4,TO_DATE('08-02-2022','DD-MM-YYYY'));
EXECUTE registroReserva(13,10,4,TO_DATE('10-02-2022','DD-MM-YYYY'));
EXECUTE registroReserva(14,10,1,TO_DATE('12-02-2022','DD-MM-YYYY'));
EXECUTE registroReserva(15,6,5,TO_DATE('14-02-2022','DD-MM-YYYY'));
EXECUTE registroReserva(16,8,5,TO_DATE('01-03-2022','DD-MM-YYYY'));
EXECUTE registroReserva(17,9, 1,TO_DATE('06-03-2022','DD-MM-YYYY'));
EXECUTE registroReserva(18,2,3,TO_DATE('10-03-2022','DD-MM-YYYY'));
EXECUTE registroReserva(19,3,3,TO_DATE('18-03-2022','DD-MM-YYYY'));
EXECUTE registroReserva(20,4,4,TO_DATE('21-03-2022','DD-MM-YYYY'));
EXECUTE registroReserva(21,5, 1,TO_DATE('03-04-2022','DD-MM-YYYY'));
EXECUTE registroReserva(22,4,4,TO_DATE('10-04-2022','DD-MM-YYYY'));
EXECUTE registroReserva(23,6,1,TO_DATE('12-04-2022','DD-MM-YYYY'));
EXECUTE registroReserva(24,1,5,TO_DATE('19-04-2022','DD-MM-YYYY'));
EXECUTE registroReserva(25,5,5,TO_DATE('21-04-2022','DD-MM-YYYY'));
EXECUTE registroReserva(26,7, 1,TO_DATE('24-04-2022','DD-MM-YYYY'));
EXECUTE registroReserva(27,9,4,TO_DATE('27-04-2022','DD-MM-YYYY'));
EXECUTE registroReserva(28,1,1,TO_DATE('27-04-2022','DD-MM-YYYY'));
EXECUTE registroReserva(29,2, 2,TO_DATE('30-04-2022','DD-MM-YYYY'));
EXECUTE registroReserva(30,3, 1,TO_DATE('07-05-2022','DD-MM-YYYY'));
EXECUTE registroReserva(31,5, 3,TO_DATE('12-05-2022','DD-MM-YYYY'));
EXECUTE registroReserva(32,7,4,TO_DATE('14-05-2022','DD-MM-YYYY'));
EXECUTE registroReserva(33,9, 5,TO_DATE('19-05-2022','DD-MM-YYYY'));
EXECUTE registroReserva(34,5,2,TO_DATE('21-05-2022','DD-MM-YYYY'));
EXECUTE registroReserva(35,5,4,TO_DATE('25-05-2022','DD-MM-YYYY'));
EXECUTE registroReserva(36,1, 2,TO_DATE('25-05-2022','DD-MM-YYYY'));
EXECUTE registroReserva(37,3, 1,TO_DATE('26-05-2022','DD-MM-YYYY'));
EXECUTE registroReserva(38,9, 1,TO_DATE('28-05-2022','DD-MM-YYYY'));
EXECUTE registroReserva(39,10 ,2,TO_DATE('30-05-2022','DD-MM-YYYY'));
EXECUTE registroReserva(40, 9,3,TO_DATE('08-06-2022','DD-MM-YYYY'));
EXECUTE registroReserva(41,7,5,TO_DATE('19-06-2022','DD-MM-YYYY'));
EXECUTE registroReserva(42,6,1,TO_DATE('22-06-2022','DD-MM-YYYY'));
EXECUTE registroReserva(43,3, 5,TO_DATE('28-06-2022','DD-MM-YYYY'));
EXECUTE registroReserva(44,3, 4,TO_DATE('30-06-2022','DD-MM-YYYY'));
EXECUTE registroReserva(45,4, 1,TO_DATE('01-07-2022','DD-MM-YYYY'));
EXECUTE registroReserva(46,7, 2,TO_DATE('03-07-2022','DD-MM-YYYY'));
EXECUTE registroReserva(47,8,1,TO_DATE('04-07-2022','DD-MM-YYYY'));
EXECUTE registroReserva(48,1,1,TO_DATE('10-07-2022','DD-MM-YYYY'));
EXECUTE registroReserva(49,9,3,TO_DATE('10-07-2022','DD-MM-YYYY'));
EXECUTE registroReserva(50,2, 4,TO_DATE('18-07-2022','DD-MM-YYYY'));
EXECUTE registroReserva(51,6,3,TO_DATE('21-07-2022','DD-MM-YYYY'));
EXECUTE registroReserva(52,8,4,TO_DATE('24-07-2022','DD-MM-YYYY'));
EXECUTE registroReserva(53,2,3,TO_DATE('28-07-2022','DD-MM-YYYY'));
EXECUTE registroReserva(54,9, 2,TO_DATE('30-07-2022','DD-MM-YYYY'));
EXECUTE registroReserva(55,3, 5,TO_DATE('01-08-2022','DD-MM-YYYY'));
EXECUTE registroReserva(56,6,2,TO_DATE('02-08-2022','DD-MM-YYYY'));
EXECUTE registroReserva(57,8,5,TO_DATE('08-08-2022','DD-MM-YYYY'));
EXECUTE registroReserva(58,9,4,TO_DATE('09-08-2022','DD-MM-YYYY'));
EXECUTE registroReserva(59,4,3,TO_DATE('17-08-2022','DD-MM-YYYY'));
EXECUTE registroReserva(60,5,5,TO_DATE('22-08-2022','DD-MM-YYYY'));
EXECUTE registroReserva(61,7, 3,TO_DATE('01-09-2022','DD-MM-YYYY'));
EXECUTE registroReserva(62,8,4,TO_DATE('02-09-2022','DD-MM-YYYY'));
EXECUTE registroReserva(63,7,3,TO_DATE('04-09-2022','DD-MM-YYYY'));
EXECUTE registroReserva(64,9, 5,TO_DATE('04-09-2022','DD-MM-YYYY'));
EXECUTE registroReserva(65,2,5,TO_DATE('17-09-2022','DD-MM-YYYY'));
EXECUTE registroReserva(66, 2,2,TO_DATE('19-09-2022','DD-MM-YYYY'));
EXECUTE registroReserva(67, 2,2,TO_DATE('24-09-2022','DD-MM-YYYY'));
EXECUTE registroReserva(68, 2, 2,TO_DATE('26-09-2022','DD-MM-YYYY'));
EXECUTE registroReserva(69, 2,2,TO_DATE('30-09-2022','DD-MM-YYYY'));
EXECUTE registroReserva(70, 9,4,TO_DATE('01-10-2022','DD-MM-YYYY'));
EXECUTE registroReserva(71, 9, 5,TO_DATE('03-10-2022','DD-MM-YYYY'));
EXECUTE registroReserva(72, 9, 5,TO_DATE('03-10-2022','DD-MM-YYYY'));
EXECUTE registroReserva(73, 9,2,TO_DATE('09-10-2022','DD-MM-YYYY'));
EXECUTE registroReserva(74, 7,5,TO_DATE('20-10-2022','DD-MM-YYYY'));
EXECUTE registroReserva(75, 7, 2,TO_DATE('21-10-2022','DD-MM-YYYY'));
EXECUTE registroReserva(76, 7,2,TO_DATE('22-10-2022','DD-MM-YYYY'));
EXECUTE registroReserva(77, 7,2,TO_DATE('23-10-2022','DD-MM-YYYY'));
EXECUTE registroReserva(78, 2,3,TO_DATE('23-10-2022','DD-MM-YYYY'));
EXECUTE registroReserva(79,6, 4,TO_DATE('26-10-2022','DD-MM-YYYY'));
EXECUTE registroReserva(80,9,5,TO_DATE('28-10-2022','DD-MM-YYYY'));
EXECUTE registroReserva(81,10,4,TO_DATE('28-10-2022','DD-MM-YYYY'));
EXECUTE registroReserva(82, 6,2,TO_DATE('29-10-2022','DD-MM-YYYY'));
EXECUTE registroReserva(83, 6, 1,TO_DATE('29-10-2022','DD-MM-YYYY'));
EXECUTE registroReserva(84, 9,1,TO_DATE('06-11-2022','DD-MM-YYYY'));
EXECUTE registroReserva(85, 5,2,TO_DATE('08-11-2022','DD-MM-YYYY'));
EXECUTE registroReserva(86, 10,5,TO_DATE('09-11-2022','DD-MM-YYYY'));
EXECUTE registroReserva(87, 8,2,TO_DATE('13-11-2022','DD-MM-YYYY'));
EXECUTE registroReserva(88, 7, 5,TO_DATE('15-11-2022','DD-MM-YYYY'));
EXECUTE registroReserva(89, 2, 4,TO_DATE('17-11-2022','DD-MM-YYYY'));
EXECUTE registroReserva(90, 1,2,TO_DATE('17-11-2022','DD-MM-YYYY'));
EXECUTE registroReserva(91, 8,2,TO_DATE('19-11-2022','DD-MM-YYYY'));
EXECUTE registroReserva(92, 9,3,TO_DATE('20-11-2022','DD-MM-YYYY'));
EXECUTE registroReserva(93, 8,3,TO_DATE('24-11-2022','DD-MM-YYYY'));
EXECUTE registroReserva(94, 3,1,TO_DATE('25-11-2022','DD-MM-YYYY'));
EXECUTE registroReserva(95, 4,2,TO_DATE('25-11-2022','DD-MM-YYYY'));
EXECUTE registroReserva(96, 4,2,TO_DATE('20-12-2022','DD-MM-YYYY'));


----Trigger----


EXECUTE activarPromo(1);
EXECUTE activarPromo(2);

/*
    p_cliente          IN reviews.id_cliente%TYPE,
    p_tour            IN reviews.id_tour%TYPE,
    p_descripcion     IN reviews.descripcion%TYPE,
    p_calificacion    IN reviews.calificacion%TYPE
    )
*/
EXECUTE registroReview(4,3,'Me pareci칩 muy bueno',4);
EXECUTE registroReview(23,5,'Muy Bonito',5);
EXECUTE registroReview(10,4,'Una buena experiencia, con lindas vistas',4);
EXECUTE registroReview(31,1,'Excelente servicio',4);
EXECUTE registroReview(43,9 ,'Que hermosas islas!!!',5);
EXECUTE registroReview(45,3,'El tiempo no estuvo bueno, pero hermoso el volcan',3);
EXECUTE registroReview(76,8,'Hermoso el tour',4);
EXECUTE registroReview(54,4,'Mucho Frio!!',3);
EXECUTE registroReview(6,7,'Chulada de Lugar, excelente trato',4);
EXECUTE registroReview(42,2,'Full recomendado a todos mis conocidos',4);
EXECUTE registroReview(35,2,'Volvere!!!',5);
EXECUTE registroReview(93,6,'Waooo, muy divertido todo, mi familia quiere volver a recorrer en 4x4 el volc치',3);
EXECUTE registroReview(84,5,'Mi primera vez en el volcan, no me arrepiento',4);
EXECUTE registroReview(81,7,'Un viaje algo largo',3);
EXECUTE registroReview(75,8,'Me la pase muy bien en Familia, recomendado',5);



--------------------------------------------------
---La nueva implementacion de los procesos
-- TODO NO CORRER TODAVIA DE AQUI PARA ABAJO
--------------------------------------------------

set SERVEROUTPUT on;

--INVOCACION: REGISTRO DE LA RESERVA DEL CLIENTE
execute registroReserva(9333,1, 5,'28-nov-21');
    p_id_cliente         
    p_id_tour            
    p_cantidad_personas  
    p_fecha_inicio       
    
    
-----CREACION DE LAS VISTAS----

-- 1 Consultar cu치ntos clientes reservan por distintos periodos de tiempo.

 CREATE VIEW VISTA_1_CUATRIMESTRE 
 AS SELECT TO_CHAR(fecha_reserva, 'Q') as "Cuatrimestre", COUNT(fecha_reserva) as "Cantidad" FROM reservacion
GROUP BY TO_CHAR(fecha_reserva, 'Q') 
ORDER BY TO_CHAR(fecha_reserva, 'Q');


-- 2 Conocer los dias m치s habituales de reserva. 

 CREATE VIEW VISTA_2_DIAS_HABITUALES 
AS SELECT TO_CHAR(fecha_reserva, 'DAY') AS "Dia de la semana" , COUNT(fecha_reserva) AS "Cantidad" FROM reservacion
GROUP BY TO_CHAR(fecha_reserva, 'DAY') 
ORDER BY COUNT(fecha_reserva) DESC;


-- 3 Identificar al consumidor a partir de la nacionalidad. 

 CREATE VIEW VISTA_3_NACIONALIDADES
AS SELECT p.pais_nombre AS "Pa칤s", COUNT(c.id_cliente) AS "Cantidad de clientes"
    FROM PAIS p
    INNER JOIN CLIENTES c ON c.cod_pais = p.id_pais
    GROUP BY P.pais_nombre
    ORDER BY "Cantidad de clientes" DESC;


-- 4 Crear paquetes a partir de la cantidad de personas que suelen reservar en grupo.

 CREATE VIEW VISTA_4_PAQUETES
AS SELECT
    SUM(CASE WHEN CANTIDAD_PERSONAS BETWEEN 0 AND 1 THEN 1 ELSE 0 END) AS "Paquete Individual",
    SUM(CASE WHEN CANTIDAD_PERSONAS BETWEEN 2 AND 2 THEN 1 ELSE 0 END) AS "Paquete Duo",
    SUM(CASE WHEN CANTIDAD_PERSONAS BETWEEN 3 AND 3 THEN 1 ELSE 0 END) AS "Paquete Triple",
    SUM(CASE WHEN CANTIDAD_PERSONAS BETWEEN 4 AND 10 THEN 1 ELSE 0 END) AS "Paquete Familiar"
 FROM RESERVA_TOURS;


-- 5 Establecer los tours ofrecidos m치s frecuentados.

 CREATE VIEW VISTA_5_TOURS_FAVORITOS
AS SELECT  t.tour_nombre AS "Nombre del tour" , COUNT(b.ID_TOUR1) AS "Cantidad de reservas"
FROM tours t
INNER JOIN reserva_tours b 
ON b.ID_TOUR1 = t.id_tours
GROUP BY t.tour_nombre
ORDER BY COUNT(b.ID_TOUR1) DESC;


-- 6 Determinar el rango de edades m치s frecuentes de los clientes. 

 CREATE VIEW VISTA_6_EDADES
AS SELECT
    SUM(CASE WHEN edad BETWEEN 18 AND 24 THEN 1 ELSE 0 END) AS "18-24 A침os",
    SUM(CASE WHEN edad BETWEEN 25 AND 54 THEN 1 ELSE 0 END) AS "25-54 A침os",
    SUM(CASE WHEN edad BETWEEN 55 AND 63 THEN 1 ELSE 0 END) AS "55-63 A침os",
    SUM(CASE WHEN edad BETWEEN 64 AND 105 THEN 1 ELSE 0 END) AS "64+ A침os"
 FROM clientes;

-- 7 Comparar la cantidad de tours de cada gu칤a tur칤stico

CREATE VIEW VISTA_7_GUIAS_TURISTICOS AS SELECT (g.nombre1||' '||g.apellido1) as GUIA, COUNT(t.id_guia) "Tours"
FROM Guias g
    INNER JOIN TOURS t ON g.id_guia = t.id_guia
    GROUP BY g.nombre1, g.apellido1
    ORDER BY COUNT(t.id_guia) DESC;


    -- 8 Vista de Calificacion de Tours

CREATE VIEW VISTA_8_CALIFICACION_TOUR AS SELECT (t.tour_nombre) as "Nombre Tour", AVG(r.calificacion) "Calificaci칩n", COUNT(r.id_tour) AS "Cantidad de Reviews"
FROM TOURS t
    INNER JOIN REVIEWS r ON r.id_tour = t.id_tours 
    GROUP BY t.tour_nombre
    ORDER BY AVG(r.calificacion) DESC;



-- 9 PROMOCIONES DEL TOUR

CREATE VIEW VISTA_9_PROMOCIONES 
AS SELECT p.descripcion AS "Promociones del tour", COUNT(t.id_promo) AS "Cantidad de tour"
FROM promociones p
INNER JOIN tours t
ON p.id_promo = t.id_promo
GROUP BY p.descripcion
ORDER BY COUNT(t.ID_PROMO) DESC;

--10 MONTO DE FACTURACI칍N

CREATE VIEW VISTA_10_MONTO_TOTAL AS SELECT (r.fecha_reserva) as "FECHA", COUNT(f.monto_pago) "MONTO"
FROM RESERVACION r
    INNER JOIN FACTURACION f ON f.id_reserva = r.id_reserva 
    GROUP BY r.fecha_reserva
    ORDER BY COUNT(f.monto_pago) DESC;
    
